{"accuracy": [0.5827299356460571, 0.8534035086631775, 0.9092538356781006, 0.9371932744979858, 0.9547762870788574], "loss": [1.4150933027267456, 0.4655621647834778, 0.28027015924453735, 0.1911563128232956, 0.1384461671113968], "val_accuracy": [0.839346706867218, 0.9019463062286377, 0.9366605877876282, 0.9387662410736084, 0.9580582976341248], "val_loss": [0.5111034512519836, 0.30180856585502625, 0.19458860158920288, 0.19271326065063477, 0.12799188494682312]}